{
  "eps": 2e-05,
  "ranges": {
    "A": [
      0.2542091161028126,
      16170.63714537511
    ],
    "B": [
      0.21733497915034256,
      1248.6882014950002
    ],
    "C": [
      0.22130385041236877,
      1248.9738586097956
    ]
  },
  "quantization": {
    "max_abs": 0.2856571147954128,
    "mean_abs": 0.004389964551131449
  },
  "regularization": {
    "max": -0.015809799275457503,
    "min": -14921.94894388011,
    "mean": -13.98513527586061
  },
  "thresholds": {
    "p99": 2.8293122493796763,
    "p999": 2.9047979173666256,
    "T50": 50.0,
    "T_used": 2.9047979173666256
  },
  "first_anomaly": {
    "ref_A_p999": 8,
    "reg_B_p999": 214,
    "pic_C_p999": 214,
    "quantization_delay_windows": 0
  },
  "model": {
    "frac_x": 14,
    "mu_x_q": 2276,
    "mu_y_q": 2320,
    "frac_k": 0,
    "k_a": 26188,
    "k_b": 23062,
    "k_c": 26081,
    "output_shift": 0
  }
}