{
  "mu_x": 0.13892360427437497,
  "mu_y": 0.14157993418519677,
  "s_xx": 0.000153250733283866,
  "s_xy": 0.00015257024449296625,
  "s_yy": 0.00015254401345910293,
  "det": 9.980241602795194e-11,
  "n_train": 215
}